card_name_a,card_name_b,games,wins,win_rate,win_lift_vs_baseline
Basil's Magnifying Glass,Tamatoa - So Shiny!,39,39,1.0,0.4047373841400618
Brawl,Tamatoa - So Shiny!,25,25,1.0,0.4047373841400618
Ghostly Tale,"Next Stop, Olympus",15,15,1.0,0.4047373841400618
Ghostly Tale,Sail the Azurite Sea,14,14,1.0,0.4047373841400618
Develop Your Brain,Ghostly Tale,13,13,1.0,0.4047373841400618
Ghostly Tale,Vision of the Future,13,13,1.0,0.4047373841400618
Ruby Chromicon,Tamatoa - So Shiny!,13,13,1.0,0.4047373841400618
Ghostly Tale,Scuttle - Birdbrained,11,11,1.0,0.4047373841400618
Ghostly Tale,What Else Can I Do?,11,11,1.0,0.4047373841400618
Liquidator - Iced Over,Tamatoa - So Shiny!,9,9,1.0,0.4047373841400618
Tamatoa - Happy as a Clam,Tamatoa - So Shiny!,8,8,1.0,0.4047373841400618
Cinderella - Dream Come True,Ghostly Tale,7,7,1.0,0.4047373841400618
Dig a Little Deeper,Ghostly Tale,7,7,1.0,0.4047373841400618
Maui - Hero to All,Ruby Chromicon,7,7,1.0,0.4047373841400618
Cogsworth - Grandfather Clock,Ghostly Tale,6,6,1.0,0.4047373841400618
Ghostly Tale,Someone Will Lose His Head,6,6,1.0,0.4047373841400618
Hidden Inkcaster,Tamatoa - Happy as a Clam,6,6,1.0,0.4047373841400618
Lucky Dime,Maui's Fish Hook,6,6,1.0,0.4047373841400618
Scrooge McDuck - Resourceful Miser,Under the Sea,6,6,1.0,0.4047373841400618
Eilonwy - Princess of Llyr,Lady - Miss Park Avenue,5,5,1.0,0.4047373841400618
Maui's Fish Hook,Tamatoa - So Shiny!,5,5,1.0,0.4047373841400618
Mowgli - Man Cub,Under the Sea,5,5,1.0,0.4047373841400618
Ratigan's Marvelous Trap,Tamatoa - Happy as a Clam,5,5,1.0,0.4047373841400618
Ratigan's Marvelous Trap,Under the Sea,5,5,1.0,0.4047373841400618
Tamatoa - Happy as a Clam,Under the Sea,5,5,1.0,0.4047373841400618
Gold Coin,Tamatoa - So Shiny!,28,27,0.9642857142857143,0.3690230984257761
Lucky Dime,Tamatoa - So Shiny!,54,52,0.9629629629629629,0.3677003471030247
Belle - Apprentice Inventor,Tamatoa - So Shiny!,49,47,0.9591836734693877,0.3639210576094495
Tamatoa - So Shiny!,Unconventional Tool,48,46,0.9583333333333334,0.36307071747339514
Fishbone Quill,Tamatoa - So Shiny!,66,63,0.9545454545454546,0.35928283868551636
Scrooge McDuck - Resourceful Miser,Tamatoa - So Shiny!,65,62,0.9538461538461539,0.3585835379862157
Oswald - The Lucky Rabbit,Tamatoa - So Shiny!,62,59,0.9516129032258065,0.35635028736586827
Might Solve a Mystery,Tamatoa - So Shiny!,20,19,0.95,0.35473738414006173
Pawpsicle,Tamatoa - So Shiny!,71,67,0.9436619718309859,0.34839935597104765
Maurice's Workshop,Tamatoa - So Shiny!,70,66,0.9428571428571428,0.3475945269972046
Sapphire Coil,Tamatoa - So Shiny!,70,66,0.9428571428571428,0.3475945269972046
Inkrunner,Tamatoa - So Shiny!,67,63,0.9402985074626866,0.3450358916027484
Ghostly Tale,Maui - Half-Shark,16,15,0.9375,0.3422373841400618
Lucky Dime,Ruby Chromicon,16,15,0.9375,0.3422373841400618
Sisu - Daring Visitor,Tamatoa - So Shiny!,60,56,0.9333333333333333,0.3380707174733951
Ruby Chromicon,Sisu - Daring Visitor,29,27,0.9310344827586207,0.33577186689868244
Sisu - Empowered Sibling,Tamatoa - So Shiny!,56,52,0.9285714285714286,0.3333088127114904
Tamatoa - So Shiny!,Vitalisphere,56,52,0.9285714285714286,0.3333088127114904
Brawl,Ruby Chromicon,13,12,0.9230769230769231,0.3278143072169849
Oswald - The Lucky Rabbit,Tamatoa - Happy as a Clam,13,12,0.9230769230769231,0.3278143072169849
Basil's Magnifying Glass,Lucky Dime,49,45,0.9183673469387755,0.3231047310788373
Ruby Chromicon,Unconventional Tool,11,10,0.9090909090909091,0.31382829323097083
Maui - Hero to All,Tamatoa - So Shiny!,20,18,0.9,0.3047373841400618
Liquidator - Iced Over,Lucky Dime,10,9,0.9,0.3047373841400618
Liquidator - Iced Over,Maui - Hero to All,10,9,0.9,0.3047373841400618
Maui's Fish Hook,Pawpsicle,10,9,0.9,0.3047373841400618
Cinderella - Dream Come True,"Next Stop, Olympus",9,8,0.8888888888888888,0.2936262730289506
Eilonwy - Princess of Llyr,Mulan - Resourceful Recruit,9,8,0.8888888888888888,0.2936262730289506
Inkrunner,Maui's Fish Hook,9,8,0.8888888888888888,0.2936262730289506
Maui's Fish Hook,Sisu - Empowered Sibling,9,8,0.8888888888888888,0.2936262730289506
Maurice's Workshop,Ruby Chromicon,33,29,0.8787878787878788,0.28352526292794056
Fishbone Quill,Liquidator - Iced Over,24,21,0.875,0.2797373841400618
Lucky Dime,Might Solve a Mystery,24,21,0.875,0.2797373841400618
Amethyst Chromicon,Madam Mim - Snake,8,7,0.875,0.2797373841400618
Diablo - Devoted Herald,Diablo - Maleficent's Spy,8,7,0.875,0.2797373841400618
John Smith - Skillful Explorer,Madam Mim - Snake,8,7,0.875,0.2797373841400618
Liquidator - Iced Over,Might Solve a Mystery,8,7,0.875,0.2797373841400618
Sail the Azurite Sea,Sisu - Empowered Sibling,8,7,0.875,0.2797373841400618
Inkrunner,Ruby Chromicon,30,26,0.8666666666666667,0.27140405080672847
Basil's Magnifying Glass,Ruby Chromicon,22,19,0.8636363636363636,0.2683737477764254
Oswald - The Lucky Rabbit,Ruby Chromicon,29,25,0.8620689655172413,0.2668063496573031
Ruby Chromicon,Sisu - Empowered Sibling,29,25,0.8620689655172413,0.2668063496573031
Basil's Magnifying Glass,Sisu - Empowered Sibling,101,87,0.8613861386138614,0.26612352275392315
Lucky Dime,Unconventional Tool,64,55,0.859375,0.2641123841400618
Fishbone Quill,Lucky Dime,99,85,0.8585858585858586,0.26332324272592034
Brawl,Lucky Dime,42,36,0.8571428571428571,0.26188024128291887
Fishbone Quill,Ruby Chromicon,28,24,0.8571428571428571,0.26188024128291887
Belle - Apprentice Inventor,Ruby Chromicon,21,18,0.8571428571428571,0.26188024128291887
Fishbone Quill,Tamatoa - Happy as a Clam,14,12,0.8571428571428571,0.26188024128291887
Akood et Emuti,Diablo - Maleficent's Spy,7,6,0.8571428571428571,0.26188024128291887
Diablo - Devoted Herald,Prince John - Greediest of All,7,6,0.8571428571428571,0.26188024128291887
Diablo - Devoted Herald,Sudden Chill,7,6,0.8571428571428571,0.26188024128291887
Fishbone Quill,Ratigan's Marvelous Trap,7,6,0.8571428571428571,0.26188024128291887
Fishbone Quill,Under the Sea,7,6,0.8571428571428571,0.26188024128291887
Maui's Fish Hook,Unconventional Tool,7,6,0.8571428571428571,0.26188024128291887
Maurice's Workshop,Under the Sea,7,6,0.8571428571428571,0.26188024128291887
Ratigan's Marvelous Trap,Sapphire Coil,7,6,0.8571428571428571,0.26188024128291887
Pawpsicle,Ruby Chromicon,34,29,0.8529411764705882,0.25767856061065
Ruby Chromicon,Scrooge McDuck - Resourceful Miser,33,28,0.8484848484848485,0.2532222326249103
Lucky Dime,Sisu - Empowered Sibling,84,71,0.8452380952380952,0.249975479378157
Ruby Chromicon,Sapphire Coil,32,27,0.84375,0.24848738414006177
Lucky Dime,Oswald - The Lucky Rabbit,99,83,0.8383838383838383,0.24312122252390012
Might Solve a Mystery,Oswald - The Lucky Rabbit,37,31,0.8378378378378378,0.2425752219778996
Gold Coin,Sisu - Empowered Sibling,67,56,0.835820895522388,0.2405582796624498
Lucky Dime,Sisu - Daring Visitor,91,76,0.8351648351648352,0.23990221930489697
Lucky Dime,Maurice's Workshop,103,86,0.8349514563106796,0.23968884045074135
Ruby Chromicon,Vitalisphere,30,25,0.8333333333333334,0.23807071747339514
Daisy Duck - Donald's Date,Nani - Stage Manager,12,10,0.8333333333333334,0.23807071747339514
Gold Coin,Liquidator - Iced Over,12,10,0.8333333333333334,0.23807071747339514
Maui's Fish Hook,Oswald - The Lucky Rabbit,12,10,0.8333333333333334,0.23807071747339514
Maui's Fish Hook,Sapphire Coil,12,10,0.8333333333333334,0.23807071747339514
A Pirate's Life,Gramma Tala - Keeper of Ancient Stories,6,5,0.8333333333333334,0.23807071747339514
A Pirate's Life,Pawpsicle,6,5,0.8333333333333334,0.23807071747339514
A Pirate's Life,Vision of the Future,6,5,0.8333333333333334,0.23807071747339514
Ariel - Spectacular Singer,Diablo - Devoted Herald,6,5,0.8333333333333334,0.23807071747339514
Cinderella - Dream Come True,What Else Can I Do?,6,5,0.8333333333333334,0.23807071747339514
Diablo - Obedient Raven,Friends on the Other Side,6,5,0.8333333333333334,0.23807071747339514
Fire the Cannons!,Friends on the Other Side,6,5,0.8333333333333334,0.23807071747339514
Fishbone Quill,Galactic Communicator,6,5,0.8333333333333334,0.23807071747339514
Fishbone Quill,Kit Cloudkicker - Tough Guy,6,5,0.8333333333333334,0.23807071747339514
Ghostly Tale,Tipo - Growing Son,6,5,0.8333333333333334,0.23807071747339514
Gramma Tala - Keeper of Ancient Stories,Maui - Half-Shark,6,5,0.8333333333333334,0.23807071747339514
Jebidiah Farnsworth - Cookie,Vision of the Future,6,5,0.8333333333333334,0.23807071747339514
Lady - Miss Park Avenue,Ursula - Deceiver,6,5,0.8333333333333334,0.23807071747339514
Maui - Half-Shark,Pawpsicle,6,5,0.8333333333333334,0.23807071747339514
Nani - Stage Manager,Piglet - Pooh Pirate Captain,6,5,0.8333333333333334,0.23807071747339514
Nani - Stage Manager,Webby Vanderquack - Mystery Enthusiast,6,5,0.8333333333333334,0.23807071747339514
Oswald - The Lucky Rabbit,Under the Sea,6,5,0.8333333333333334,0.23807071747339514
Lucky Dime,Pawpsicle,107,89,0.8317757009345794,0.2365130850746412
Lucky Dime,Sapphire Coil,101,84,0.8316831683168316,0.23642055245689342
Lucky Dime,Scrooge McDuck - Resourceful Miser,95,79,0.8315789473684211,0.23631633150848286
Sisu - Empowered Sibling,Unconventional Tool,123,102,0.8292682926829268,0.23400567682298856
Lucky Dime,Vitalisphere,76,63,0.8289473684210527,0.23368475256111443
Inkrunner,Lucky Dime,98,81,0.826530612244898,0.23126799638495976
Lucky Dime,Maui - Hero to All,23,19,0.8260869565217391,0.2308243406618009
Fishbone Quill,Gold Coin,79,65,0.8227848101265823,0.2275221942666441
Basil's Magnifying Glass,Maui - Hero to All,33,27,0.8181818181818182,0.22291920232188
Basil's Magnifying Glass,Might Solve a Mystery,22,18,0.8181818181818182,0.22291920232188
Might Solve a Mystery,Unconventional Tool,22,18,0.8181818181818182,0.22291920232188
Maui - Half-Shark,Someone Will Lose His Head,11,9,0.8181818181818182,0.22291920232188
"Next Stop, Olympus",Someone Will Lose His Head,11,9,0.8181818181818182,0.22291920232188
Sail the Azurite Sea,Someone Will Lose His Head,11,9,0.8181818181818182,0.22291920232188
Belle - Apprentice Inventor,Lucky Dime,75,61,0.8133333333333334,0.21807071747339513
Brawl,Might Solve a Mystery,16,13,0.8125,0.21723738414006177
Fishbone Quill,Might Solve a Mystery,37,30,0.8108108108108109,0.21554819495087263
Liquidator - Iced Over,Sisu - Empowered Sibling,37,30,0.8108108108108109,0.21554819495087263
Gold Coin,Lucky Dime,42,34,0.8095238095238095,0.2142611936638713
Might Solve a Mystery,Ruby Chromicon,21,17,0.8095238095238095,0.2142611936638713
Basil's Magnifying Glass,Fishbone Quill,110,89,0.8090909090909091,0.21382829323097086
Belle - Apprentice Inventor,Might Solve a Mystery,31,25,0.8064516129032258,0.21118899704328753
Basil's Magnifying Glass,Gold Coin,46,37,0.8043478260869565,0.20908521022701831
Inkrunner,Tamatoa - Happy as a Clam,15,12,0.8,0.20473738414006182
Cinderella - Dream Come True,Maui - Half-Shark,10,8,0.8,0.20473738414006182
Develop Your Brain,Someone Will Lose His Head,10,8,0.8,0.20473738414006182
Fishbone Quill,Maui's Fish Hook,10,8,0.8,0.20473738414006182
Maui - Hero to All,Might Solve a Mystery,10,8,0.8,0.20473738414006182
Mulan - Resourceful Recruit,Nani - Stage Manager,10,8,0.8,0.20473738414006182
Mulan - Resourceful Recruit,Ursula - Deceiver,10,8,0.8,0.20473738414006182
A Pirate's Life,Develop Your Brain,5,4,0.8,0.20473738414006182
A Pirate's Life,How Far I'll Go,5,4,0.8,0.20473738414006182
A Pirate's Life,Sail the Azurite Sea,5,4,0.8,0.20473738414006182
Akood et Emuti,Lucifer - Cunning Cat,5,4,0.8,0.20473738414006182
Amethyst Chromicon,Keep the Ancient Ways,5,4,0.8,0.20473738414006182
Ariel - Spectacular Singer,Diablo - Maleficent's Spy,5,4,0.8,0.20473738414006182
Belle - Apprentice Inventor,Brom Bones - Burly Bully,5,4,0.8,0.20473738414006182
Belle - Apprentice Inventor,Ratigan's Marvelous Trap,5,4,0.8,0.20473738414006182
Brawl,Maui's Fish Hook,5,4,0.8,0.20473738414006182
Brom Bones - Burly Bully,Pawpsicle,5,4,0.8,0.20473738414006182
Brom Bones - Burly Bully,Sapphire Coil,5,4,0.8,0.20473738414006182
Cinderella - Dream Come True,Scuttle - Birdbrained,5,4,0.8,0.20473738414006182
Cinderella - Dream Come True,Someone Will Lose His Head,5,4,0.8,0.20473738414006182
Dig a Little Deeper,Tipo - Growing Son,5,4,0.8,0.20473738414006182
Eilonwy - Princess of Llyr,Webby Vanderquack - Junior Prospector,5,4,0.8,0.20473738414006182
Fire the Cannons!,Keep the Ancient Ways,5,4,0.8,0.20473738414006182
Friends on the Other Side,John Smith - Skillful Explorer,5,4,0.8,0.20473738414006182
Friends on the Other Side,Pete - Games Referee,5,4,0.8,0.20473738414006182
Gadget's Goggles,Tamatoa - So Shiny!,5,4,0.8,0.20473738414006182
Galactic Communicator,Sapphire Coil,5,4,0.8,0.20473738414006182
Gold Coin,Might Solve a Mystery,5,4,0.8,0.20473738414006182
Gramma Tala - Keeper of Ancient Stories,McDuck Manor - Scrooge's Mansion,5,4,0.8,0.20473738414006182
How Far I'll Go,McDuck Manor - Scrooge's Mansion,5,4,0.8,0.20473738414006182
Liquidator - Iced Over,Ruby Chromicon,5,4,0.8,0.20473738414006182
Lucifer - Cunning Cat,Mowgli - Man Cub,5,4,0.8,0.20473738414006182
Lucifer - Cunning Cat,We Don't Talk About Bruno,5,4,0.8,0.20473738414006182
McDuck Manor - Scrooge's Mansion,Pawpsicle,5,4,0.8,0.20473738414006182
McDuck Manor - Scrooge's Mansion,Vision of the Future,5,4,0.8,0.20473738414006182
Piglet - Pooh Pirate Captain,Webby Vanderquack - Junior Prospector,5,4,0.8,0.20473738414006182
Oswald - The Lucky Rabbit,Sisu - Empowered Sibling,187,149,0.7967914438502673,0.20152882799032912
Maurice's Workshop,Tamatoa - Happy as a Clam,19,15,0.7894736842105263,0.1942110683505881
Scrooge McDuck - Resourceful Miser,Tamatoa - Happy as a Clam,19,15,0.7894736842105263,0.1942110683505881
Might Solve a Mystery,Sisu - Daring Visitor,47,37,0.7872340425531915,0.1919714266932533
Belle - Apprentice Inventor,Sisu - Empowered Sibling,155,122,0.7870967741935484,0.19183415833361017
Maurice's Workshop,Sisu - Empowered Sibling,205,161,0.7853658536585366,0.1901032377985984
Belle - Apprentice Inventor,Liquidator - Iced Over,32,25,0.78125,0.18598738414006177
Fishbone Quill,Sisu - Empowered Sibling,178,139,0.7808988764044944,0.18563626054455618
Maurice's Workshop,Might Solve a Mystery,50,39,0.78,0.1847373841400618
Basil's Magnifying Glass,Sapphire Coil,131,102,0.7786259541984732,0.18336333833853502
Fishbone Quill,Vitalisphere,167,130,0.7784431137724551,0.1831804979125169
Belle - Apprentice Inventor,Fishbone Quill,153,119,0.7777777777777778,0.18251516191783956
Basil's Magnifying Glass,Inkrunner,126,98,0.7777777777777778,0.18251516191783956
Develop Your Brain,Sisu - Empowered Sibling,9,7,0.7777777777777778,0.18251516191783956
Diablo - Obedient Raven,Madam Mim - Snake,9,7,0.7777777777777778,0.18251516191783956
Fishbone Quill,Hidden Inkcaster,9,7,0.7777777777777778,0.18251516191783956
Lucky Dime,Tamatoa - Happy as a Clam,9,7,0.7777777777777778,0.18251516191783956
Maui's Fish Hook,Sisu - Daring Visitor,9,7,0.7777777777777778,0.18251516191783956
"Next Stop, Olympus",Tipo - Growing Son,9,7,0.7777777777777778,0.18251516191783956
Someone Will Lose His Head,Vision of the Future,9,7,0.7777777777777778,0.18251516191783956
Fishbone Quill,Maurice's Workshop,231,179,0.7748917748917749,0.17962915903183663
Fishbone Quill,Inkrunner,216,167,0.7731481481481481,0.1778855322882099
Inkrunner,Might Solve a Mystery,44,34,0.7727272727272727,0.17746465686733448
Might Solve a Mystery,Sisu - Empowered Sibling,44,34,0.7727272727272727,0.17746465686733448
Might Solve a Mystery,Vitalisphere,44,34,0.7727272727272727,0.17746465686733448
Pawpsicle,Sisu - Empowered Sibling,224,173,0.7723214285714286,0.17705881271149038
Fishbone Quill,Oswald - The Lucky Rabbit,221,170,0.7692307692307693,0.17396815337083105
Fishbone Quill,Unconventional Tool,143,110,0.7692307692307693,0.17396815337083105
Maui's Fish Hook,Scrooge McDuck - Resourceful Miser,13,10,0.7692307692307693,0.17396815337083105
Basil's Magnifying Glass,Vitalisphere,99,76,0.7676767676767676,0.1724141518168294
Fishbone Quill,Pawpsicle,239,183,0.7656903765690377,0.17042776070909949
Sisu - Empowered Sibling,Vitalisphere,153,117,0.7647058823529411,0.1694432664930029
Might Solve a Mystery,Scrooge McDuck - Resourceful Miser,51,39,0.7647058823529411,0.1694432664930029
Liquidator - Iced Over,Unconventional Tool,17,13,0.7647058823529411,0.1694432664930029
Sapphire Coil,Tamatoa - Happy as a Clam,17,13,0.7647058823529411,0.1694432664930029
Inkrunner,Sisu - Empowered Sibling,191,146,0.7643979057591623,0.1691352898992241
Fishbone Quill,Scrooge McDuck - Resourceful Miser,212,162,0.7641509433962265,0.16888832753628824
Fishbone Quill,Sapphire Coil,222,169,0.7612612612612613,0.16599864540132303
Basil's Magnifying Glass,Maurice's Workshop,134,102,0.7611940298507462,0.16593141399080802
Might Solve a Mystery,Pawpsicle,50,38,0.76,0.16473738414006178
Might Solve a Mystery,Sapphire Coil,50,38,0.76,0.16473738414006178
Maui - Half-Shark,"Next Stop, Olympus",25,19,0.76,0.16473738414006178
Maui - Half-Shark,Vision of the Future,29,22,0.7586206896551724,0.16335807379523415
Sisu - Daring Visitor,Sisu - Empowered Sibling,190,144,0.7578947368421053,0.16263212098216706
Brawl,Sisu - Empowered Sibling,82,62,0.7560975609756098,0.16083494511567153
Scrooge McDuck - Resourceful Miser,Sisu - Empowered Sibling,199,150,0.7537688442211056,0.15850622836116735
Fishbone Quill,Sisu - Daring Visitor,178,134,0.7528089887640449,0.15754637290410667
Sapphire Coil,Sisu - Empowered Sibling,220,165,0.75,0.15473738414006177
Maui - Hero to All,Sisu - Empowered Sibling,52,39,0.75,0.15473738414006177
Belle - Apprentice Inventor,Tamatoa - Happy as a Clam,12,9,0.75,0.15473738414006177
Diablo - Obedient Raven,Fire the Cannons!,12,9,0.75,0.15473738414006177
Sail the Azurite Sea,Tipo - Growing Son,12,9,0.75,0.15473738414006177
Christopher Robin - Joining the Fun,Diablo - Obedient Raven,8,6,0.75,0.15473738414006177
Diablo - Devoted Herald,Mowgli - Man Cub,8,6,0.75,0.15473738414006177
Diablo - Obedient Raven,Pete - Games Referee,8,6,0.75,0.15473738414006177
Doc - Bold Knight,John Smith - Skillful Explorer,8,6,0.75,0.15473738414006177
Eilonwy - Princess of Llyr,Nani - Stage Manager,8,6,0.75,0.15473738414006177
Hidden Inkcaster,Ratigan's Marvelous Trap,8,6,0.75,0.15473738414006177
How Far I'll Go,Maui - Half-Shark,8,6,0.75,0.15473738414006177
John Smith - Skillful Explorer,Pete - Games Referee,8,6,0.75,0.15473738414006177
Lady - Miss Park Avenue,Nani - Stage Manager,8,6,0.75,0.15473738414006177
Maurice's Workshop,Ratigan's Marvelous Trap,8,6,0.75,0.15473738414006177
Pawpsicle,Ratigan's Marvelous Trap,8,6,0.75,0.15473738414006177
Ratigan's Marvelous Trap,Scrooge McDuck - Resourceful Miser,8,6,0.75,0.15473738414006177
Sapphire Coil,Under the Sea,8,6,0.75,0.15473738414006177
Sisu - Empowered Sibling,Vision of the Future,8,6,0.75,0.15473738414006177
Someone Will Lose His Head,What Else Can I Do?,8,6,0.75,0.15473738414006177
Tipo - Growing Son,What Else Can I Do?,8,6,0.75,0.15473738414006177
Gold Coin,Oswald - The Lucky Rabbit,91,68,0.7472527472527473,0.15199013139280904
Gold Coin,Inkrunner,87,65,0.7471264367816092,0.15186382092167094
Basil's Magnifying Glass,Scrooge McDuck - Resourceful Miser,129,96,0.7441860465116279,0.14892343065168967
Basil's Magnifying Glass,Oswald - The Lucky Rabbit,125,93,0.744,0.14873738414006177
Sapphire Coil,Unconventional Tool,161,119,0.7391304347826086,0.14386781892267042
Basil's Magnifying Glass,Belle - Apprentice Inventor,103,76,0.7378640776699029,0.1426014618099647
Liquidator - Iced Over,Maurice's Workshop,38,28,0.7368421052631579,0.14157948940321963
Liquidator - Iced Over,Oswald - The Lucky Rabbit,38,28,0.7368421052631579,0.14157948940321963
Maui - Half-Shark,Scuttle - Birdbrained,19,14,0.7368421052631579,0.14157948940321963
"Next Stop, Olympus",Scuttle - Birdbrained,19,14,0.7368421052631579,0.14157948940321963
Scrooge McDuck - Resourceful Miser,Unconventional Tool,148,109,0.7364864864864865,0.1412238706265483
Basil's Magnifying Glass,Pawpsicle,146,107,0.7328767123287672,0.13761409646882894
Inkrunner,Oswald - The Lucky Rabbit,241,176,0.7302904564315352,0.135027840571597
"Next Stop, Olympus",Vision of the Future,22,16,0.7272727272727273,0.13201011141278907
Pawpsicle,Tamatoa - Happy as a Clam,22,16,0.7272727272727273,0.13201011141278907
Maui's Fish Hook,Maurice's Workshop,11,8,0.7272727272727273,0.13201011141278907
Mulan - Resourceful Recruit,Webby Vanderquack - Mystery Enthusiast,11,8,0.7272727272727273,0.13201011141278907
Basil's Magnifying Glass,Unconventional Tool,91,66,0.7252747252747253,0.13001210941478702
Inkrunner,Unconventional Tool,156,113,0.7243589743589743,0.1290963584990361
Gold Coin,Scrooge McDuck - Resourceful Miser,90,65,0.7222222222222222,0.12695960636228398
Basil's Magnifying Glass,Brawl,61,44,0.7213114754098361,0.12604885954989786
Liquidator - Iced Over,Sisu - Daring Visitor,43,31,0.7209302325581395,0.12566761669820126
"Next Stop, Olympus",Sail the Azurite Sea,25,18,0.72,0.12473738414006175
Basil's Magnifying Glass,Sisu - Daring Visitor,114,82,0.7192982456140351,0.12403562975409688
Maui - Half-Shark,Sail the Azurite Sea,32,23,0.71875,0.12348738414006177
Inkrunner,Maurice's Workshop,263,189,0.7186311787072244,0.12336856284728615
Gold Coin,Unconventional Tool,67,48,0.7164179104477612,0.12115529458782293
Gold Coin,Maurice's Workshop,102,73,0.7156862745098039,0.1204236586498657
Gold Coin,Sapphire Coil,98,70,0.7142857142857143,0.11902309842577607
Cogsworth - Grandfather Clock,Vision of the Future,14,10,0.7142857142857143,0.11902309842577607
Sisu - Empowered Sibling,Tamatoa - Happy as a Clam,14,10,0.7142857142857143,0.11902309842577607
Ariel - Spectacular Singer,The Muses - Proclaimers of Heroes,7,5,0.7142857142857143,0.11902309842577607
Basil's Magnifying Glass,Maui's Fish Hook,7,5,0.7142857142857143,0.11902309842577607
Be Prepared,Sisu - Empowered Sibling,7,5,0.7142857142857143,0.11902309842577607
Diablo - Maleficent's Spy,Mowgli - Man Cub,7,5,0.7142857142857143,0.11902309842577607
Diablo - Obedient Raven,Keep the Ancient Ways,7,5,0.7142857142857143,0.11902309842577607
Eilonwy - Princess of Llyr,Tramp - Enterprising Dog,7,5,0.7142857142857143,0.11902309842577607
Eilonwy - Princess of Llyr,Ursula - Deceiver,7,5,0.7142857142857143,0.11902309842577607
Friends on the Other Side,Giant Cobra - Ghostly Serpent,7,5,0.7142857142857143,0.11902309842577607
Galactic Communicator,Maurice's Workshop,7,5,0.7142857142857143,0.11902309842577607
Galactic Communicator,Pawpsicle,7,5,0.7142857142857143,0.11902309842577607
Galactic Communicator,Scrooge McDuck - Resourceful Miser,7,5,0.7142857142857143,0.11902309842577607
Gathering Knowledge and Wisdom,Madam Mim - Snake,7,5,0.7142857142857143,0.11902309842577607
Gramma Tala - Keeper of Ancient Stories,Sail the Azurite Sea,7,5,0.7142857142857143,0.11902309842577607
Incrediboy - Buddy Pine,John Smith - Skillful Explorer,7,5,0.7142857142857143,0.11902309842577607
Inkrunner,Ratigan's Marvelous Trap,7,5,0.7142857142857143,0.11902309842577607
Inkrunner,Under the Sea,7,5,0.7142857142857143,0.11902309842577607
Kit Cloudkicker - Tough Guy,Sapphire Coil,7,5,0.7142857142857143,0.11902309842577607
Kit Cloudkicker - Tough Guy,Scrooge McDuck - Resourceful Miser,7,5,0.7142857142857143,0.11902309842577607
Madam Mim - Snake,Pete - Games Referee,7,5,0.7142857142857143,0.11902309842577607
Merlin - Goat,Pete - Games Referee,7,5,0.7142857142857143,0.11902309842577607
Might Solve a Mystery,Tamatoa - Happy as a Clam,7,5,0.7142857142857143,0.11902309842577607
Oswald - The Lucky Rabbit,Ratigan's Marvelous Trap,7,5,0.7142857142857143,0.11902309842577607
Piglet - Pooh Pirate Captain,Ursula - Deceiver,7,5,0.7142857142857143,0.11902309842577607
Scuttle - Birdbrained,Someone Will Lose His Head,7,5,0.7142857142857143,0.11902309842577607
Sudden Chill,The Muses - Proclaimers of Heroes,7,5,0.7142857142857143,0.11902309842577607
Oswald - The Lucky Rabbit,Sapphire Coil,255,182,0.7137254901960784,0.11846287433614022
Oswald - The Lucky Rabbit,Pawpsicle,279,199,0.7132616487455197,0.11799903288558145
Gold Coin,Pawpsicle,101,72,0.7128712871287128,0.11760867126877461
Gold Coin,Sisu - Daring Visitor,80,57,0.7125,0.1172373841400618
Unconventional Tool,Vitalisphere,118,84,0.711864406779661,0.11660179091972278
Maurice's Workshop,Oswald - The Lucky Rabbit,270,192,0.7111111111111111,0.11584849525117291
Pawpsicle,Unconventional Tool,173,123,0.7109826589595376,0.11572004309959938
Maurice's Workshop,Scrooge McDuck - Resourceful Miser,269,191,0.7100371747211895,0.11477455886125132
Maui - Hero to All,Sapphire Coil,62,44,0.7096774193548387,0.11441480349490052
Oswald - The Lucky Rabbit,Scrooge McDuck - Resourceful Miser,244,173,0.7090163934426229,0.11375377758268468
Oswald - The Lucky Rabbit,Unconventional Tool,158,112,0.7088607594936709,0.11359814363373266
Oswald - The Lucky Rabbit,Vitalisphere,184,130,0.7065217391304348,0.11125912327049658
Brawl,Fishbone Quill,85,60,0.7058823529411765,0.11061973708123829
Basil's Magnifying Glass,Liquidator - Iced Over,17,12,0.7058823529411765,0.11061973708123829
Sail the Azurite Sea,What Else Can I Do?,17,12,0.7058823529411765,0.11061973708123829
Liquidator - Iced Over,Sapphire Coil,44,31,0.7045454545454546,0.10928283868551636
Belle - Apprentice Inventor,Oswald - The Lucky Rabbit,189,133,0.7037037037037037,0.1084410878437655
Belle - Apprentice Inventor,Scrooge McDuck - Resourceful Miser,189,133,0.7037037037037037,0.1084410878437655
Belle - Apprentice Inventor,Maui - Hero to All,54,38,0.7037037037037037,0.1084410878437655
Fishbone Quill,Maui - Hero to All,47,33,0.7021276595744681,0.10686504371452987
Develop Your Brain,Maui - Half-Shark,30,21,0.7,0.10473738414006173
Amethyst Chromicon,Doc - Bold Knight,10,7,0.7,0.10473738414006173
Cinderella - Dream Come True,Develop Your Brain,10,7,0.7,0.10473738414006173
Eilonwy - Princess of Llyr,Webby Vanderquack - Mystery Enthusiast,10,7,0.7,0.10473738414006173
Giant Cobra - Ghostly Serpent,Madam Mim - Snake,10,7,0.7,0.10473738414006173
Giant Cobra - Ghostly Serpent,Pete - Games Referee,10,7,0.7,0.10473738414006173
Hidden Inkcaster,Scrooge McDuck - Resourceful Miser,10,7,0.7,0.10473738414006173
Nani - Stage Manager,Snow Fort,10,7,0.7,0.10473738414006173
Nani - Stage Manager,Ursula - Deceiver,10,7,0.7,0.10473738414006173
Pawpsicle,Sail the Azurite Sea,10,7,0.7,0.10473738414006173
Ursula - Deceiver,Webby Vanderquack - Mystery Enthusiast,10,7,0.7,0.10473738414006173
Maurice's Workshop,Unconventional Tool,179,125,0.6983240223463687,0.10306140648643047
Belle - Apprentice Inventor,Maurice's Workshop,212,148,0.6981132075471698,0.10285059168723154
Brawl,Scrooge McDuck - Resourceful Miser,99,69,0.696969696969697,0.10170708110975879
Liquidator - Iced Over,Vitalisphere,33,23,0.696969696969697,0.10170708110975879
Sail the Azurite Sea,Vision of the Future,33,23,0.696969696969697,0.10170708110975879
Inkrunner,Scrooge McDuck - Resourceful Miser,254,177,0.6968503937007874,0.10158777784084916
Maurice's Workshop,Pawpsicle,310,216,0.6967741935483871,0.10151157768844887
Inkrunner,Vitalisphere,204,142,0.696078431372549,0.10081581551261076
Maui - Hero to All,Pawpsicle,69,48,0.6956521739130435,0.10038955805310523
Liquidator - Iced Over,Scrooge McDuck - Resourceful Miser,46,32,0.6956521739130435,0.10038955805310523
Gold Coin,Maui - Hero to All,23,16,0.6956521739130435,0.10038955805310523
Belle - Apprentice Inventor,Gold Coin,72,50,0.6944444444444444,0.0991818285845062
Inkrunner,Maui - Hero to All,62,43,0.6935483870967742,0.09828577123683602
Maurice's Workshop,Sapphire Coil,287,199,0.6933797909407665,0.09811717508082829
Belle - Apprentice Inventor,Sapphire Coil,202,140,0.693069306930693,0.09780669107075479
Diablo - Obedient Raven,Mr. Smee - Bumbling Mate,13,9,0.6923076923076923,0.09704507644775406
Doc - Bold Knight,Fire the Cannons!,13,9,0.6923076923076923,0.09704507644775406
Sisu - Daring Visitor,Tamatoa - Happy as a Clam,13,9,0.6923076923076923,0.09704507644775406
Tipo - Growing Son,Vision of the Future,13,9,0.6923076923076923,0.09704507644775406
Inkrunner,Sapphire Coil,258,178,0.689922480620155,0.09465986476021682
Sisu - Daring Visitor,Unconventional Tool,145,100,0.6896551724137931,0.09439255655385492
Liquidator - Iced Over,Pawpsicle,45,31,0.6888888888888889,0.09362627302895066
Belle - Apprentice Inventor,Inkrunner,199,137,0.6884422110552764,0.09317959519533814
Maui - Half-Shark,Tipo - Growing Son,16,11,0.6875,0.09223738414006177
"Next Stop, Olympus",What Else Can I Do?,16,11,0.6875,0.09223738414006177
Pawpsicle,Scrooge McDuck - Resourceful Miser,287,197,0.686411149825784,0.09114853396584577
Sapphire Coil,Scrooge McDuck - Resourceful Miser,270,185,0.6851851851851852,0.089922569325247
Oswald - The Lucky Rabbit,Sisu - Daring Visitor,219,150,0.684931506849315,0.0896688909893768
Gold Coin,Vitalisphere,73,50,0.684931506849315,0.0896688909893768
Scrooge McDuck - Resourceful Miser,Vitalisphere,206,141,0.6844660194174758,0.08920340355753753
Maui - Half-Shark,What Else Can I Do?,19,13,0.6842105263157895,0.08894791045585126
Sail the Azurite Sea,Scuttle - Birdbrained,19,13,0.6842105263157895,0.08894791045585126
Scuttle - Birdbrained,Vision of the Future,19,13,0.6842105263157895,0.08894791045585126
Maurice's Workshop,Vitalisphere,215,147,0.6837209302325581,0.08845831437261986
Belle - Apprentice Inventor,Vitalisphere,148,101,0.6824324324324325,0.08716981657249423
Develop Your Brain,"Next Stop, Olympus",22,15,0.6818181818181818,0.08655556595824354
Brawl,Maui - Hero to All,25,17,0.68,0.08473738414006182
Sapphire Coil,Vitalisphere,206,140,0.6796116504854369,0.0843490346254987
Maui - Hero to All,Sisu - Daring Visitor,59,40,0.6779661016949152,0.082703485834977
Pawpsicle,Sapphire Coil,304,206,0.6776315789473685,0.08236896308743025
Inkrunner,Pawpsicle,290,196,0.6758620689655173,0.08059945310557903
Inkrunner,Sisu - Daring Visitor,223,150,0.672645739910314,0.07738312405037573
Maui - Hero to All,Oswald - The Lucky Rabbit,58,39,0.6724137931034483,0.07715117724351006
Maurice's Workshop,Sisu - Daring Visitor,244,164,0.6721311475409836,0.07686853168104535
Maui - Hero to All,Maurice's Workshop,64,43,0.671875,0.07661238414006177
Belle - Apprentice Inventor,Pawpsicle,225,151,0.6711111111111111,0.07584849525117288
Belle - Apprentice Inventor,Sisu - Daring Visitor,181,121,0.6685082872928176,0.07324567143287941
Scrooge McDuck - Resourceful Miser,Sisu - Daring Visitor,234,156,0.6666666666666666,0.0714040508067284
Belle - Apprentice Inventor,Unconventional Tool,147,98,0.6666666666666666,0.0714040508067284
Inkrunner,Liquidator - Iced Over,42,28,0.6666666666666666,0.0714040508067284
Maui - Hero to All,Unconventional Tool,42,28,0.6666666666666666,0.0714040508067284
Develop Your Brain,What Else Can I Do?,21,14,0.6666666666666666,0.0714040508067284
Fire the Cannons!,Giant Cobra - Ghostly Serpent,15,10,0.6666666666666666,0.0714040508067284
Amethyst Chromicon,Diablo - Obedient Raven,12,8,0.6666666666666666,0.0714040508067284
Amethyst Chromicon,Fire the Cannons!,12,8,0.6666666666666666,0.0714040508067284
Cinderella - Dream Come True,Sail the Azurite Sea,12,8,0.6666666666666666,0.0714040508067284
Diablo - Obedient Raven,Doc - Bold Knight,12,8,0.6666666666666666,0.0714040508067284
Fire the Cannons!,Pete - Games Referee,12,8,0.6666666666666666,0.0714040508067284
Gadget's Goggles,Unconventional Tool,12,8,0.6666666666666666,0.0714040508067284
Snow Fort,Ursula - Deceiver,12,8,0.6666666666666666,0.0714040508067284
Akood et Emuti,Diablo - Devoted Herald,9,6,0.6666666666666666,0.0714040508067284
Akood et Emuti,Prince John - Greediest of All,9,6,0.6666666666666666,0.0714040508067284
Akood et Emuti,Sudden Chill,9,6,0.6666666666666666,0.0714040508067284
Amethyst Chromicon,Pete - Games Referee,9,6,0.6666666666666666,0.0714040508067284
Ariel - Spectacular Singer,Sudden Chill,9,6,0.6666666666666666,0.0714040508067284
Cinderella - Dream Come True,Vision of the Future,9,6,0.6666666666666666,0.0714040508067284
Daisy Duck - Donald's Date,Eilonwy - Princess of Llyr,9,6,0.6666666666666666,0.0714040508067284
Diablo - Obedient Raven,Will o' the Wisp - Forest Spirit,9,6,0.6666666666666666,0.0714040508067284
Fire the Cannons!,John Smith - Skillful Explorer,9,6,0.6666666666666666,0.0714040508067284
Fire the Cannons!,Madam Mim - Snake,9,6,0.6666666666666666,0.0714040508067284
Fire the Cannons!,Merlin - Goat,9,6,0.6666666666666666,0.0714040508067284
Gramma Tala - Keeper of Ancient Stories,Pawpsicle,9,6,0.6666666666666666,0.0714040508067284
Hidden Inkcaster,Under the Sea,9,6,0.6666666666666666,0.0714040508067284
Madam Mim - Snake,Mr. Smee - Bumbling Mate,9,6,0.6666666666666666,0.0714040508067284
Pawpsicle,Under the Sea,9,6,0.6666666666666666,0.0714040508067284
Piglet - Pooh Pirate Captain,Webby Vanderquack - Mystery Enthusiast,9,6,0.6666666666666666,0.0714040508067284
Tramp - Enterprising Dog,Ursula - Deceiver,9,6,0.6666666666666666,0.0714040508067284
Ursula - Deceiver,Webby Vanderquack - Junior Prospector,9,6,0.6666666666666666,0.0714040508067284
Akood et Emuti,The Bare Necessities,6,4,0.6666666666666666,0.0714040508067284
Ariel - Spectacular Singer,We Don't Talk About Bruno,6,4,0.6666666666666666,0.0714040508067284
Christopher Robin - Joining the Fun,Fire the Cannons!,6,4,0.6666666666666666,0.0714040508067284
Christopher Robin - Joining the Fun,Madam Mim - Snake,6,4,0.6666666666666666,0.0714040508067284
Daisy Duck - Donald's Date,Grandmother Willow - Ancient Advisor,6,4,0.6666666666666666,0.0714040508067284
Daisy Duck - Donald's Date,Tramp - Street-Smart Dog,6,4,0.6666666666666666,0.0714040508067284
Develop Your Brain,Jebidiah Farnsworth - Cookie,6,4,0.6666666666666666,0.0714040508067284
Diablo - Devoted Herald,Strike a Good Match,6,4,0.6666666666666666,0.0714040508067284
Diablo - Devoted Herald,The Muses - Proclaimers of Heroes,6,4,0.6666666666666666,0.0714040508067284
Diablo - Obedient Raven,Incrediboy - Buddy Pine,6,4,0.6666666666666666,0.0714040508067284
Dig a Little Deeper,Someone Will Lose His Head,6,4,0.6666666666666666,0.0714040508067284
Friends on the Other Side,Incrediboy - Buddy Pine,6,4,0.6666666666666666,0.0714040508067284
Galactic Communicator,Hidden Inkcaster,6,4,0.6666666666666666,0.0714040508067284
Galactic Communicator,Inkrunner,6,4,0.6666666666666666,0.0714040508067284
Galactic Communicator,Oswald - The Lucky Rabbit,6,4,0.6666666666666666,0.0714040508067284
Galactic Communicator,Ratigan's Marvelous Trap,6,4,0.6666666666666666,0.0714040508067284
Gramma Tala - Keeper of Ancient Stories,Sisu - Empowered Sibling,6,4,0.6666666666666666,0.0714040508067284
Grandmother Willow - Ancient Advisor,Tramp - Street-Smart Dog,6,4,0.6666666666666666,0.0714040508067284
Incrediboy - Buddy Pine,Madam Mim - Snake,6,4,0.6666666666666666,0.0714040508067284
Jebidiah Farnsworth - Cookie,Sail the Azurite Sea,6,4,0.6666666666666666,0.0714040508067284
Kida - Creative Thinker,Scuttle - Birdbrained,6,4,0.6666666666666666,0.0714040508067284
Kit Cloudkicker - Tough Guy,Ratigan's Marvelous Trap,6,4,0.6666666666666666,0.0714040508067284
Kit Cloudkicker - Tough Guy,Under the Sea,6,4,0.6666666666666666,0.0714040508067284
Lady - Miss Park Avenue,Snow Fort,6,4,0.6666666666666666,0.0714040508067284
Madam Mim - Snake,Merlin - Goat,6,4,0.6666666666666666,0.0714040508067284
Mulan - Resourceful Recruit,Piglet - Pooh Pirate Captain,6,4,0.6666666666666666,0.0714040508067284
Nani - Stage Manager,Webby Vanderquack - Junior Prospector,6,4,0.6666666666666666,0.0714040508067284
Prince John - Greediest of All,The Muses - Proclaimers of Heroes,6,4,0.6666666666666666,0.0714040508067284
Rapunzel - Gifted with Healing,Ursula - Deceiver,6,4,0.6666666666666666,0.0714040508067284
Strike a Good Match,Sudden Chill,6,4,0.6666666666666666,0.0714040508067284
Pawpsicle,Vitalisphere,224,149,0.6651785714285714,0.06991595556863317
Maui - Hero to All,Scrooge McDuck - Resourceful Miser,59,39,0.6610169491525424,0.06575433329260416
Brawl,Vitalisphere,79,52,0.6582278481012658,0.06296523224132755
Brawl,Sapphire Coil,109,71,0.6513761467889908,0.05611353092905258
Pawpsicle,Sisu - Daring Visitor,263,171,0.6501901140684411,0.054927498208502845
Sapphire Coil,Sisu - Daring Visitor,259,168,0.6486486486486487,0.05338603278871046
Brawl,Gold Coin,37,24,0.6486486486486487,0.05338603278871046
Develop Your Brain,Vision of the Future,34,22,0.6470588235294118,0.05179620766947357
Fire the Cannons!,Mr. Smee - Bumbling Mate,17,11,0.6470588235294118,0.05179620766947357
Vision of the Future,What Else Can I Do?,17,11,0.6470588235294118,0.05179620766947357
Brawl,Maurice's Workshop,110,71,0.6454545454545455,0.050191929594607276
Sisu - Daring Visitor,Vitalisphere,185,119,0.6432432432432432,0.047980627383305
Cogsworth - Grandfather Clock,Sail the Azurite Sea,14,9,0.6428571428571429,0.04759452699720468
Daisy Duck - Donald's Date,Mulan - Resourceful Recruit,14,9,0.6428571428571429,0.04759452699720468
Brawl,Inkrunner,106,68,0.6415094339622641,0.04624681810232589
Belle - Apprentice Inventor,Brawl,89,57,0.6404494382022472,0.045186822342308974
Brawl,Oswald - The Lucky Rabbit,97,62,0.6391752577319587,0.043912641872020486
Amethyst Chromicon,John Smith - Skillful Explorer,11,7,0.6363636363636364,0.04110102050369813
Doc - Bold Knight,Gathering Knowledge and Wisdom,11,7,0.6363636363636364,0.04110102050369813
Doc - Bold Knight,Madam Mim - Snake,11,7,0.6363636363636364,0.04110102050369813
Eilonwy - Princess of Llyr,Snow Fort,11,7,0.6363636363636364,0.04110102050369813
Gadget's Goggles,Sisu - Empowered Sibling,11,7,0.6363636363636364,0.04110102050369813
Giant Cobra - Ghostly Serpent,John Smith - Skillful Explorer,11,7,0.6363636363636364,0.04110102050369813
Hidden Inkcaster,Maurice's Workshop,11,7,0.6363636363636364,0.04110102050369813
Hidden Inkcaster,Sapphire Coil,11,7,0.6363636363636364,0.04110102050369813
How Far I'll Go,Vision of the Future,11,7,0.6363636363636364,0.04110102050369813
Mulan - Resourceful Recruit,Snow Fort,11,7,0.6363636363636364,0.04110102050369813
Piglet - Pooh Pirate Captain,Snow Fort,11,7,0.6363636363636364,0.04110102050369813
Tamatoa - Happy as a Clam,Vitalisphere,11,7,0.6363636363636364,0.04110102050369813
Webby Vanderquack - Junior Prospector,Webby Vanderquack - Mystery Enthusiast,11,7,0.6363636363636364,0.04110102050369813
Brawl,Sisu - Daring Visitor,106,67,0.6320754716981132,0.03681285583817495
Brawl,Pawpsicle,122,77,0.6311475409836066,0.035884925123668365
Daisy Duck - Donald's Date,Snow Fort,16,10,0.625,0.029737384140061773
Dig a Little Deeper,Maui - Half-Shark,16,10,0.625,0.029737384140061773
Dig a Little Deeper,"Next Stop, Olympus",16,10,0.625,0.029737384140061773
Doc - Bold Knight,Mr. Smee - Bumbling Mate,16,10,0.625,0.029737384140061773
Amethyst Chromicon,Merlin - Goat,8,5,0.625,0.029737384140061773
Ariel - Spectacular Singer,Mowgli - Man Cub,8,5,0.625,0.029737384140061773
Basil's Magnifying Glass,Gadget's Goggles,8,5,0.625,0.029737384140061773
Christopher Robin - Joining the Fun,Giant Cobra - Ghostly Serpent,8,5,0.625,0.029737384140061773
Develop Your Brain,Pawpsicle,8,5,0.625,0.029737384140061773
Diablo - Devoted Herald,We Don't Talk About Bruno,8,5,0.625,0.029737384140061773
Diablo - Maleficent's Spy,Prince John - Greediest of All,8,5,0.625,0.029737384140061773
Diablo - Maleficent's Spy,Sudden Chill,8,5,0.625,0.029737384140061773
Diablo - Obedient Raven,Gathering Knowledge and Wisdom,8,5,0.625,0.029737384140061773
Gramma Tala - Keeper of Ancient Stories,How Far I'll Go,8,5,0.625,0.029737384140061773
How Far I'll Go,Pawpsicle,8,5,0.625,0.029737384140061773
Inkrunner,Kit Cloudkicker - Tough Guy,8,5,0.625,0.029737384140061773
John Smith - Skillful Explorer,Merlin - Goat,8,5,0.625,0.029737384140061773
Kit Cloudkicker - Tough Guy,Maurice's Workshop,8,5,0.625,0.029737384140061773
Scuttle - Birdbrained,Tipo - Growing Son,8,5,0.625,0.029737384140061773
Tramp - Enterprising Dog,Webby Vanderquack - Junior Prospector,8,5,0.625,0.029737384140061773
Develop Your Brain,Sail the Azurite Sea,39,24,0.6153846153846154,0.020121999524677192
Cogsworth - Grandfather Clock,Maui - Half-Shark,13,8,0.6153846153846154,0.020121999524677192
Cogsworth - Grandfather Clock,"Next Stop, Olympus",13,8,0.6153846153846154,0.020121999524677192
Daisy Duck - Donald's Date,Piglet - Pooh Pirate Captain,13,8,0.6153846153846154,0.020121999524677192
Gadget's Goggles,Maurice's Workshop,13,8,0.6153846153846154,0.020121999524677192
Gadget's Goggles,Sapphire Coil,13,8,0.6153846153846154,0.020121999524677192
Snow Fort,Webby Vanderquack - Mystery Enthusiast,13,8,0.6153846153846154,0.020121999524677192
Brawl,Unconventional Tool,67,41,0.6119402985074627,0.01667768264752445
Maui - Hero to All,Vitalisphere,46,28,0.6086956521739131,0.013433036313974855
Develop Your Brain,Scuttle - Birdbrained,20,12,0.6,0.004737384140061751
Dig a Little Deeper,Sail the Azurite Sea,15,9,0.6,0.004737384140061751
Giant Cobra - Ghostly Serpent,Mr. Smee - Bumbling Mate,15,9,0.6,0.004737384140061751
Scuttle - Birdbrained,What Else Can I Do?,15,9,0.6,0.004737384140061751
Akood et Emuti,Mowgli - Man Cub,10,6,0.6,0.004737384140061751
Be Prepared,Sail the Azurite Sea,10,6,0.6,0.004737384140061751
Be Prepared,Vision of the Future,10,6,0.6,0.004737384140061751
Daisy Duck - Donald's Date,Ursula - Deceiver,10,6,0.6,0.004737384140061751
Diablo - Obedient Raven,John Smith - Skillful Explorer,10,6,0.6,0.004737384140061751
Diablo - Obedient Raven,Merlin - Goat,10,6,0.6,0.004737384140061751
Doc - Bold Knight,Pete - Games Referee,10,6,0.6,0.004737384140061751
Gadget's Goggles,Sisu - Daring Visitor,10,6,0.6,0.004737384140061751
Giant Cobra - Ghostly Serpent,Merlin - Goat,10,6,0.6,0.004737384140061751
Gramma Tala - Keeper of Ancient Stories,Vision of the Future,10,6,0.6,0.004737384140061751
Hidden Inkcaster,Inkrunner,10,6,0.6,0.004737384140061751
Hidden Inkcaster,Oswald - The Lucky Rabbit,10,6,0.6,0.004737384140061751
How Far I'll Go,Sail the Azurite Sea,10,6,0.6,0.004737384140061751
John Smith - Skillful Explorer,Mr. Smee - Bumbling Mate,10,6,0.6,0.004737384140061751
Lady - Decisive Dog,Nani - Stage Manager,10,6,0.6,0.004737384140061751
Lady - Miss Park Avenue,Mulan - Resourceful Recruit,10,6,0.6,0.004737384140061751
Maui - Half-Shark,Merryweather - Feisty Fairy,10,6,0.6,0.004737384140061751
Merlin - Goat,Mr. Smee - Bumbling Mate,10,6,0.6,0.004737384140061751
Merryweather - Feisty Fairy,"Next Stop, Olympus",10,6,0.6,0.004737384140061751
Merryweather - Feisty Fairy,Sail the Azurite Sea,10,6,0.6,0.004737384140061751
Mulan - Resourceful Recruit,Tramp - Enterprising Dog,10,6,0.6,0.004737384140061751
Ariel - Spectacular Singer,Strike a Good Match,5,3,0.6,0.004737384140061751
Christopher Robin - Joining the Fun,Gathering Knowledge and Wisdom,5,3,0.6,0.004737384140061751
Christopher Robin - Joining the Fun,Incrediboy - Buddy Pine,5,3,0.6,0.004737384140061751
Christopher Robin - Joining the Fun,Pete - Games Referee,5,3,0.6,0.004737384140061751
Cinderella - Ballroom Sensation,Diablo - Devoted Herald,5,3,0.6,0.004737384140061751
Develop Your Brain,Kida - Crystal Scion,5,3,0.6,0.004737384140061751
Develop Your Brain,Maui - Hero to All,5,3,0.6,0.004737384140061751
Diablo - Devoted Herald,The Bare Necessities,5,3,0.6,0.004737384140061751
Diablo - Maleficent's Spy,The Bare Necessities,5,3,0.6,0.004737384140061751
Doc - Bold Knight,Keep the Ancient Ways,5,3,0.6,0.004737384140061751
Eilonwy - Princess of Llyr,Rapunzel - Gifted with Healing,5,3,0.6,0.004737384140061751
Galactic Communicator,Kit Cloudkicker - Tough Guy,5,3,0.6,0.004737384140061751
Giant Cobra - Ghostly Serpent,Keep the Ancient Ways,5,3,0.6,0.004737384140061751
Gold Coin,Tamatoa - Happy as a Clam,5,3,0.6,0.004737384140061751
Gramma Tala - Keeper of Ancient Stories,Maui - Hero to All,5,3,0.6,0.004737384140061751
How Far I'll Go,Sisu - Empowered Sibling,5,3,0.6,0.004737384140061751
How Far I'll Go,Tipo - Growing Son,5,3,0.6,0.004737384140061751
Jebidiah Farnsworth - Cookie,"Next Stop, Olympus",5,3,0.6,0.004737384140061751
Keep the Ancient Ways,Madam Mim - Snake,5,3,0.6,0.004737384140061751
Kida - Creative Thinker,Maui - Half-Shark,5,3,0.6,0.004737384140061751
Kida - Crystal Scion,Sail the Azurite Sea,5,3,0.6,0.004737384140061751
Lady - Miss Park Avenue,Rapunzel - Gifted with Healing,5,3,0.6,0.004737384140061751
Let the Storm Rage On,Rapunzel - Gifted with Healing,5,3,0.6,0.004737384140061751
Let the Storm Rage On,Ursula - Vanessa,5,3,0.6,0.004737384140061751
Madam Mim - Snake,Will o' the Wisp - Forest Spirit,5,3,0.6,0.004737384140061751
Maui - Hero to All,Sail the Azurite Sea,5,3,0.6,0.004737384140061751
Maui - Hero to All,Vision of the Future,5,3,0.6,0.004737384140061751
Mulan - Resourceful Recruit,Rapunzel - Gifted with Healing,5,3,0.6,0.004737384140061751
Pawpsicle,Tipo - Growing Son,5,3,0.6,0.004737384140061751
Prince John - Greediest of All,Strike a Good Match,5,3,0.6,0.004737384140061751
Tamatoa - Happy as a Clam,Unconventional Tool,5,3,0.6,0.004737384140061751
The Muses - Proclaimers of Heroes,We Don't Talk About Bruno,5,3,0.6,0.004737384140061751
Gadget's Goggles,Pawpsicle,17,10,0.5882352941176471,-0.007027321742291148
Amethyst Chromicon,Giant Cobra - Ghostly Serpent,12,7,0.5833333333333334,-0.011929282526604856
Amethyst Chromicon,Mr. Smee - Bumbling Mate,12,7,0.5833333333333334,-0.011929282526604856
Cogsworth - Grandfather Clock,What Else Can I Do?,12,7,0.5833333333333334,-0.011929282526604856
Daisy Duck - Donald's Date,Webby Vanderquack - Mystery Enthusiast,12,7,0.5833333333333334,-0.011929282526604856
Fishbone Quill,Gadget's Goggles,12,7,0.5833333333333334,-0.011929282526604856
Hidden Inkcaster,Pawpsicle,12,7,0.5833333333333334,-0.011929282526604856
Lady - Decisive Dog,Mulan - Resourceful Recruit,12,7,0.5833333333333334,-0.011929282526604856
Lady - Decisive Dog,Piglet - Pooh Pirate Captain,12,7,0.5833333333333334,-0.011929282526604856
Lady - Decisive Dog,Ursula - Deceiver,12,7,0.5833333333333334,-0.011929282526604856
Develop Your Brain,Dig a Little Deeper,14,8,0.5714285714285714,-0.02383404443136683
Diablo - Obedient Raven,Giant Cobra - Ghostly Serpent,14,8,0.5714285714285714,-0.02383404443136683
Doc - Bold Knight,Giant Cobra - Ghostly Serpent,14,8,0.5714285714285714,-0.02383404443136683
Akood et Emuti,The Muses - Proclaimers of Heroes,7,4,0.5714285714285714,-0.02383404443136683
Akood et Emuti,We Don't Talk About Bruno,7,4,0.5714285714285714,-0.02383404443136683
Ariel - Spectacular Singer,Prince John - Greediest of All,7,4,0.5714285714285714,-0.02383404443136683
Be Prepared,Gramma Tala - Keeper of Ancient Stories,7,4,0.5714285714285714,-0.02383404443136683
Be Prepared,How Far I'll Go,7,4,0.5714285714285714,-0.02383404443136683
Be Prepared,Pawpsicle,7,4,0.5714285714285714,-0.02383404443136683
Belle - Apprentice Inventor,Kit Cloudkicker - Tough Guy,7,4,0.5714285714285714,-0.02383404443136683
Belle - Apprentice Inventor,Under the Sea,7,4,0.5714285714285714,-0.02383404443136683
Cinderella - Ballroom Sensation,Sudden Chill,7,4,0.5714285714285714,-0.02383404443136683
Cinderella - Ballroom Sensation,The Muses - Proclaimers of Heroes,7,4,0.5714285714285714,-0.02383404443136683
Daisy Duck - Donald's Date,Webby Vanderquack - Junior Prospector,7,4,0.5714285714285714,-0.02383404443136683
Develop Your Brain,Kida - Creative Thinker,7,4,0.5714285714285714,-0.02383404443136683
Diablo - Maleficent's Spy,We Don't Talk About Bruno,7,4,0.5714285714285714,-0.02383404443136683
Doc - Bold Knight,Friends on the Other Side,7,4,0.5714285714285714,-0.02383404443136683
Doc - Bold Knight,Merlin - Goat,7,4,0.5714285714285714,-0.02383404443136683
Eilonwy - Princess of Llyr,Piglet - Pooh Pirate Captain,7,4,0.5714285714285714,-0.02383404443136683
Friends on the Other Side,Mr. Smee - Bumbling Mate,7,4,0.5714285714285714,-0.02383404443136683
Gathering Knowledge and Wisdom,Incrediboy - Buddy Pine,7,4,0.5714285714285714,-0.02383404443136683
Gathering Knowledge and Wisdom,John Smith - Skillful Explorer,7,4,0.5714285714285714,-0.02383404443136683
Kida - Creative Thinker,"Next Stop, Olympus",7,4,0.5714285714285714,-0.02383404443136683
Kida - Creative Thinker,Vision of the Future,7,4,0.5714285714285714,-0.02383404443136683
Kit Cloudkicker - Tough Guy,Oswald - The Lucky Rabbit,7,4,0.5714285714285714,-0.02383404443136683
Merryweather - Feisty Fairy,Tipo - Growing Son,7,4,0.5714285714285714,-0.02383404443136683
Mowgli - Man Cub,The Muses - Proclaimers of Heroes,7,4,0.5714285714285714,-0.02383404443136683
Mulan - Resourceful Recruit,Webby Vanderquack - Junior Prospector,7,4,0.5714285714285714,-0.02383404443136683
Nani - Stage Manager,Tramp - Enterprising Dog,7,4,0.5714285714285714,-0.02383404443136683
Rapunzel - Gifted with Healing,Snow Fort,7,4,0.5714285714285714,-0.02383404443136683
Tramp - Enterprising Dog,Webby Vanderquack - Mystery Enthusiast,7,4,0.5714285714285714,-0.02383404443136683
Cogsworth - Grandfather Clock,Develop Your Brain,16,9,0.5625,-0.03276261585993823
Brawl,Liquidator - Iced Over,18,10,0.5555555555555556,-0.039707060304382646
Gadget's Goggles,Oswald - The Lucky Rabbit,18,10,0.5555555555555556,-0.039707060304382646
Belle - Apprentice Inventor,Hidden Inkcaster,9,5,0.5555555555555556,-0.039707060304382646
Develop Your Brain,Gramma Tala - Keeper of Ancient Stories,9,5,0.5555555555555556,-0.039707060304382646
Eilonwy - Princess of Llyr,Lady - Decisive Dog,9,5,0.5555555555555556,-0.039707060304382646
Fire the Cannons!,Gathering Knowledge and Wisdom,9,5,0.5555555555555556,-0.039707060304382646
Fire the Cannons!,Incrediboy - Buddy Pine,9,5,0.5555555555555556,-0.039707060304382646
Gadget's Goggles,Gold Coin,9,5,0.5555555555555556,-0.039707060304382646
Gathering Knowledge and Wisdom,Giant Cobra - Ghostly Serpent,9,5,0.5555555555555556,-0.039707060304382646
Giant Cobra - Ghostly Serpent,Incrediboy - Buddy Pine,9,5,0.5555555555555556,-0.039707060304382646
Hidden Inkcaster,Kit Cloudkicker - Tough Guy,9,5,0.5555555555555556,-0.039707060304382646
Incrediboy - Buddy Pine,Pete - Games Referee,9,5,0.5555555555555556,-0.039707060304382646
Kit Cloudkicker - Tough Guy,Pawpsicle,9,5,0.5555555555555556,-0.039707060304382646
Merryweather - Feisty Fairy,Vision of the Future,9,5,0.5555555555555556,-0.039707060304382646
Mowgli - Man Cub,Prince John - Greediest of All,9,5,0.5555555555555556,-0.039707060304382646
Mowgli - Man Cub,Sudden Chill,9,5,0.5555555555555556,-0.039707060304382646
Mowgli - Man Cub,We Don't Talk About Bruno,9,5,0.5555555555555556,-0.039707060304382646
Pete - Games Referee,Will o' the Wisp - Forest Spirit,9,5,0.5555555555555556,-0.039707060304382646
Snow Fort,Tramp - Enterprising Dog,9,5,0.5555555555555556,-0.039707060304382646
Snow Fort,Webby Vanderquack - Junior Prospector,9,5,0.5555555555555556,-0.039707060304382646
Be Prepared,Develop Your Brain,11,6,0.5454545454545454,-0.04980807040539281
Cogsworth - Grandfather Clock,Scuttle - Birdbrained,11,6,0.5454545454545454,-0.04980807040539281
Fire the Cannons!,Will o' the Wisp - Forest Spirit,11,6,0.5454545454545454,-0.04980807040539281
Gathering Knowledge and Wisdom,Mr. Smee - Bumbling Mate,11,6,0.5454545454545454,-0.04980807040539281
Merryweather - Feisty Fairy,Scuttle - Birdbrained,11,6,0.5454545454545454,-0.04980807040539281
Mr. Smee - Bumbling Mate,Pete - Games Referee,11,6,0.5454545454545454,-0.04980807040539281
Pawpsicle,Vision of the Future,11,6,0.5454545454545454,-0.04980807040539281
Prince John - Greediest of All,Sudden Chill,11,6,0.5454545454545454,-0.04980807040539281
Akood et Emuti,Ariel - Spectacular Singer,13,7,0.5384615384615384,-0.05680107739839979
Dig a Little Deeper,Scuttle - Birdbrained,13,7,0.5384615384615384,-0.05680107739839979
Lady - Decisive Dog,Webby Vanderquack - Mystery Enthusiast,13,7,0.5384615384615384,-0.05680107739839979
Dig a Little Deeper,Vision of the Future,15,8,0.5333333333333333,-0.0619292825266049
Lady - Decisive Dog,Snow Fort,15,8,0.5333333333333333,-0.0619292825266049
Develop Your Brain,Tipo - Growing Son,17,9,0.5294117647058824,-0.06585085115405587
Gadget's Goggles,Inkrunner,14,7,0.5,-0.09526261585993823
Daisy Duck - Donald's Date,Lady - Miss Park Avenue,12,6,0.5,-0.09526261585993823
Dig a Little Deeper,What Else Can I Do?,12,6,0.5,-0.09526261585993823
Lady - Decisive Dog,Lady - Miss Park Avenue,12,6,0.5,-0.09526261585993823
Develop Your Brain,How Far I'll Go,10,5,0.5,-0.09526261585993823
Doc - Bold Knight,Will o' the Wisp - Forest Spirit,10,5,0.5,-0.09526261585993823
Gadget's Goggles,Lucky Dime,10,5,0.5,-0.09526261585993823
Incrediboy - Buddy Pine,Mr. Smee - Bumbling Mate,10,5,0.5,-0.09526261585993823
Kida - Creative Thinker,Sail the Azurite Sea,10,5,0.5,-0.09526261585993823
Amethyst Chromicon,Will o' the Wisp - Forest Spirit,8,4,0.5,-0.09526261585993823
Christopher Robin - Joining the Fun,Mr. Smee - Bumbling Mate,8,4,0.5,-0.09526261585993823
Cogsworth - Grandfather Clock,Dig a Little Deeper,8,4,0.5,-0.09526261585993823
Cogsworth - Grandfather Clock,Tipo - Growing Son,8,4,0.5,-0.09526261585993823
Dig a Little Deeper,Merryweather - Feisty Fairy,8,4,0.5,-0.09526261585993823
Doc - Bold Knight,Incrediboy - Buddy Pine,8,4,0.5,-0.09526261585993823
Gadget's Goggles,Vitalisphere,8,4,0.5,-0.09526261585993823
Gathering Knowledge and Wisdom,Pete - Games Referee,8,4,0.5,-0.09526261585993823
Keep the Ancient Ways,Pete - Games Referee,8,4,0.5,-0.09526261585993823
Lady - Decisive Dog,Webby Vanderquack - Junior Prospector,8,4,0.5,-0.09526261585993823
Prince John - Greediest of All,We Don't Talk About Bruno,8,4,0.5,-0.09526261585993823
Sudden Chill,We Don't Talk About Bruno,8,4,0.5,-0.09526261585993823
Amethyst Chromicon,Incrediboy - Buddy Pine,6,3,0.5,-0.09526261585993823
Bobby Zimuruski - Spray Cheese Kid,Grandmother Willow - Ancient Advisor,6,3,0.5,-0.09526261585993823
Bobby Zimuruski - Spray Cheese Kid,Tramp - Street-Smart Dog,6,3,0.5,-0.09526261585993823
Brawl,Gadget's Goggles,6,3,0.5,-0.09526261585993823
Christopher Robin - Joining the Fun,Friends on the Other Side,6,3,0.5,-0.09526261585993823
Cinderella - Ballroom Sensation,Prince John - Greediest of All,6,3,0.5,-0.09526261585993823
Gramma Tala - Keeper of Ancient Stories,Tipo - Growing Son,6,3,0.5,-0.09526261585993823
Grandmother Willow - Ancient Advisor,Lady - Decisive Dog,6,3,0.5,-0.09526261585993823
Grandmother Willow - Ancient Advisor,Lady - Miss Park Avenue,6,3,0.5,-0.09526261585993823
Jebidiah Farnsworth - Cookie,Maui - Half-Shark,6,3,0.5,-0.09526261585993823
Lady - Decisive Dog,Tramp - Street-Smart Dog,6,3,0.5,-0.09526261585993823
Lady - Miss Park Avenue,Tramp - Street-Smart Dog,6,3,0.5,-0.09526261585993823
Mowgli - Man Cub,Strike a Good Match,6,3,0.5,-0.09526261585993823
Rapunzel - Gifted with Healing,Ursula - Vanessa,6,3,0.5,-0.09526261585993823
Rapunzel - Gifted with Healing,Webby Vanderquack - Mystery Enthusiast,6,3,0.5,-0.09526261585993823
Strike a Good Match,The Muses - Proclaimers of Heroes,6,3,0.5,-0.09526261585993823
Daisy Duck - Donald's Date,Lady - Decisive Dog,19,9,0.47368421052631576,-0.12157840533362246
Ariel - Spectacular Singer,Cinderella - Ballroom Sensation,11,5,0.45454545454545453,-0.1407171613144837
Lady - Miss Park Avenue,Tramp - Enterprising Dog,9,4,0.4444444444444444,-0.1508181714154938
Gadget's Goggles,Scrooge McDuck - Resourceful Miser,14,6,0.42857142857142855,-0.16669118728850968
Amethyst Chromicon,Gathering Knowledge and Wisdom,7,3,0.42857142857142855,-0.16669118728850968
Bobby Zimuruski - Spray Cheese Kid,Daisy Duck - Donald's Date,7,3,0.42857142857142855,-0.16669118728850968
Cinderella - Ballroom Sensation,Mowgli - Man Cub,7,3,0.42857142857142855,-0.16669118728850968
Daisy Duck - Donald's Date,Rapunzel - Gifted with Healing,7,3,0.42857142857142855,-0.16669118728850968
Gathering Knowledge and Wisdom,Will o' the Wisp - Forest Spirit,7,3,0.42857142857142855,-0.16669118728850968
Incrediboy - Buddy Pine,Will o' the Wisp - Forest Spirit,7,3,0.42857142857142855,-0.16669118728850968
Lady - Decisive Dog,Rapunzel - Gifted with Healing,7,3,0.42857142857142855,-0.16669118728850968
Maui - Hero to All,Tamatoa - Happy as a Clam,7,3,0.42857142857142855,-0.16669118728850968
Lady - Decisive Dog,Tramp - Enterprising Dog,12,5,0.4166666666666667,-0.17859594919327154
Mr. Smee - Bumbling Mate,Will o' the Wisp - Forest Spirit,12,5,0.4166666666666667,-0.17859594919327154
Daisy Duck - Donald's Date,Tramp - Enterprising Dog,10,4,0.4,-0.1952626158599382
Akood et Emuti,Prince Naveen - Ukulele Player,5,2,0.4,-0.1952626158599382
Akood et Emuti,Rapunzel - Gifted with Healing,5,2,0.4,-0.1952626158599382
Akood et Emuti,Ursula - Vanessa,5,2,0.4,-0.1952626158599382
Ariel - Spectacular Singer,Rapunzel - Gifted with Healing,5,2,0.4,-0.1952626158599382
Ariel - Spectacular Singer,Ursula - Vanessa,5,2,0.4,-0.1952626158599382
Cinderella - Ballroom Sensation,We Don't Talk About Bruno,5,2,0.4,-0.1952626158599382
Dig a Little Deeper,Kida - Creative Thinker,5,2,0.4,-0.1952626158599382
Friends on the Other Side,Will o' the Wisp - Forest Spirit,5,2,0.4,-0.1952626158599382
Gadget's Goggles,Maui - Hero to All,5,2,0.4,-0.1952626158599382
Gathering Knowledge and Wisdom,Merlin - Goat,5,2,0.4,-0.1952626158599382
John Smith - Skillful Explorer,Will o' the Wisp - Forest Spirit,5,2,0.4,-0.1952626158599382
Olaf - Snowman of Action,Sail the Azurite Sea,5,2,0.4,-0.1952626158599382
Pete - Games Referee,Strength of a Raging Fire,5,2,0.4,-0.1952626158599382
Prince Naveen - Ukulele Player,Rapunzel - Gifted with Healing,5,2,0.4,-0.1952626158599382
Prince Naveen - Ukulele Player,Ursula - Vanessa,5,2,0.4,-0.1952626158599382
Akood et Emuti,Strike a Good Match,8,3,0.375,-0.22026261585993823
Christopher Robin - Joining the Fun,Doc - Bold Knight,8,3,0.375,-0.22026261585993823
Cogsworth - Grandfather Clock,Merryweather - Feisty Fairy,8,3,0.375,-0.22026261585993823
Giant Cobra - Ghostly Serpent,Will o' the Wisp - Forest Spirit,8,3,0.375,-0.22026261585993823
Merryweather - Feisty Fairy,What Else Can I Do?,8,3,0.375,-0.22026261585993823
Develop Your Brain,Merryweather - Feisty Fairy,11,4,0.36363636363636365,-0.23162625222357458
Akood et Emuti,Cinderella - Ballroom Sensation,12,4,0.3333333333333333,-0.2619292825266049
Belle - Apprentice Inventor,Gadget's Goggles,12,4,0.3333333333333333,-0.2619292825266049
Bobby Zimuruski - Spray Cheese Kid,Lady - Decisive Dog,6,2,0.3333333333333333,-0.2619292825266049
Christopher Robin - Joining the Fun,Will o' the Wisp - Forest Spirit,6,2,0.3333333333333333,-0.2619292825266049
Rapunzel - Gifted with Healing,Tramp - Enterprising Dog,6,2,0.3333333333333333,-0.2619292825266049
Bobby Zimuruski - Spray Cheese Kid,Lady - Miss Park Avenue,7,2,0.2857142857142857,-0.30954833014565253
Cinderella - Ballroom Sensation,Strike a Good Match,7,2,0.2857142857142857,-0.30954833014565253
Keep the Ancient Ways,Strength of a Raging Fire,5,1,0.2,-0.3952626158599382
Merlin - Goat,Will o' the Wisp - Forest Spirit,5,1,0.2,-0.3952626158599382
