card_name,games_with_card,losses_with_card,loss_rate_with_card,loss_lift_vs_baseline,loss_odds_ratio_approx
Fergus - King of DunBroch,6,5,0.8333333333333334,0.4296394019349165,2.0642675161826456
Dumptruck - Karnage's Second Mate,5,4,0.8,0.3963060686015832,1.9816969146200616
Lawrence - Jealous Manservant,5,4,0.8,0.3963060686015832,1.9816969146200616
Namaari - Single-Minded Rival,5,4,0.8,0.3963060686015832,1.9816969146200616
The Headless Horseman - Terror of Sleepy Hollow,5,4,0.8,0.3963060686015832,1.9816969146200616
Lady - Family Dog,15,11,0.7333333333333333,0.3296394019349164,1.8165557114948936
Kakamora - Long-Range Specialist,7,5,0.7142857142857143,0.31059178288729744,1.7693725106019886
Minnie Mouse - Practical Traveler,7,5,0.7142857142857143,0.31059178288729744,1.7693725106019886
Hypnotize,20,14,0.7,0.2963060686015831,1.7339851099323096
Lilo - Bundled Up,16,11,0.6875,0.28380606860158314,1.7030211343463406
Pocahontas - Following the Wind,12,8,0.6666666666666666,0.26297273526824977,1.6514145083697256
Chernabog - Evildoer,6,4,0.6666666666666666,0.26297273526824977,1.6514145083697256
Hidden Cove - Tranquil Haven,17,11,0.6470588235294118,0.24336489213099494,1.6028435662740883
Rex - Protective Dinosaur,22,14,0.6363636363636364,0.2326697049652195,1.5763503251310131
Finnick - Tiny Terror,16,10,0.625,0.22130606860158314,1.5482012564164958
Basil's Magnifying Glass,8,5,0.625,0.22130606860158314,1.5482012564164958
"Next Stop, Olympus",8,5,0.625,0.22130606860158314,1.5482012564164958
Lucky Dime,28,17,0.6071428571428571,0.20344892574444023,1.5039670055793972
Piglet - Pooh Pirate Captain,86,52,0.6046511627906976,0.20095723139228078,1.4977947845323603
Brom Bones - Burly Bully,10,6,0.6,0.19630606860158312,1.4862733052445578
Louis - Endearing Alligator,5,3,0.6,0.19630606860158312,1.4862733052445578
Ludwig Von Drake - All-Around Expert,5,3,0.6,0.19630606860158312,1.4862733052445578
Mulan - Disguised Soldier,5,3,0.6,0.19630606860158312,1.4862733052445578
Patch - Playful Pup,5,3,0.6,0.19630606860158312,1.4862733052445578
Thunderbolt - Wonder Dog,5,3,0.6,0.19630606860158312,1.4862733052445578
Lady - Miss Park Avenue,44,26,0.5909090909090909,0.18721515951067408,1.463754050272944
Beyond the Horizon,17,10,0.5882352941176471,0.18454136271923022,1.4571307399871753
Cursed Merfolk - Ursula's Handiwork,17,10,0.5882352941176471,0.18454136271923022,1.4571307399871753
Rhino - Power Hamster,21,12,0.5714285714285714,0.16773464003015454,1.4154985039052002
Rajah - Devoted Protector,14,8,0.5714285714285714,0.16773464003015454,1.4154985039052002
Might Solve a Mystery,7,4,0.5714285714285714,0.16773464003015454,1.4154985039052002
Webby Vanderquack - Mystery Enthusiast,30,17,0.5666666666666667,0.1629727352682498,1.4037027036819738
Mowgli - Man Cub,53,30,0.5660377358490566,0.16234380445063973,1.4021447678034347
Flynn Rider - Frenemy,16,9,0.5625,0.15880606860158314,1.393381378486651
Nala - Undaunted Lioness,16,9,0.5625,0.15880606860158314,1.393381378486651
Lilo - Escape Artist,43,24,0.5581395348837209,0.15444560348530406,1.3825799916543362
Has Set My Heaaaaaaart...,18,10,0.5555555555555556,0.15186162415713872,1.3761791698277794
Cogsworth - Grandfather Clock,9,5,0.5555555555555556,0.15186162415713872,1.3761791698277794
Luisa Madrigal - Pushing Through,9,5,0.5555555555555556,0.15186162415713872,1.3761791698277794
Stegmutt - Clumsy Dinosaur,11,6,0.5454545454545454,0.14176061405612855,1.351157775414875
Nani - Stage Manager,92,50,0.5434782608695652,0.13978432947114833,1.3462622852036545
Gathering Knowledge and Wisdom,13,7,0.5384615384615384,0.13476760706312158,1.3338352715905566
Daisy Duck - Donald's Date,121,65,0.5371900826446281,0.13349615124621123,1.3306857254406808
Tramp - Street-Smart Dog,41,22,0.5365853658536586,0.1328914344552417,1.3291877705645203
Under the Sea,28,15,0.5357142857142857,0.13202035431586884,1.327030002231003
Lady - Decisive Dog,88,47,0.5340909090909091,0.1303969776924922,1.3230087067003578
Rhino - One-Sixteenth Wolf,30,16,0.5333333333333333,0.12963940193491647,1.32113210211939
Cri-Kee - Lucky Cricket,23,12,0.5217391304347826,0.11804519903636573,1.2924118928802304
Tramp - Enterprising Dog,73,38,0.5205479452054794,0.11685401380706256,1.2894611864515495
Chip - Quick Thinker,25,13,0.52,0.11630606860158316,1.2881038614943565
The Bare Necessities,27,14,0.5185185185185185,0.11482458712010163,1.2844340569804638
Mulan - Resourceful Recruit,70,36,0.5142857142857142,0.11059178288729737,1.2739489012264849
Sudden Chill,123,63,0.5121951219512195,0.10850119055280266,1.2687702572260442
Diablo - Devoted Herald,127,64,0.5039370078740157,0.10024307647559888,1.2483139338122293
Grandmother Willow - Ancient Advisor,42,21,0.5,0.09630606860158314,1.238561500556806
Della's Moon Lullaby,20,10,0.5,0.09630606860158314,1.238561500556806
Webby Vanderquack - Junior Prospector,20,10,0.5,0.09630606860158314,1.238561500556806
Kuzco - Selfish Emperor,12,6,0.5,0.09630606860158314,1.238561500556806
The Prince - Searching for His Love,10,5,0.5,0.09630606860158314,1.238561500556806
Honeymaren - Northuldra Guide,8,4,0.5,0.09630606860158314,1.238561500556806
Pluto - Steel Champion,8,4,0.5,0.09630606860158314,1.238561500556806
Archimedes - Resourceful Owl,6,3,0.5,0.09630606860158314,1.238561500556806
Incrediboy - Buddy Pine,6,3,0.5,0.09630606860158314,1.238561500556806
Mayor Winddancer - Actor-Turned-Politician,6,3,0.5,0.09630606860158314,1.238561500556806
Slushy - Glacial Guster,6,3,0.5,0.09630606860158314,1.238561500556806
Splatter Phoenix - Rejected Artist,6,3,0.5,0.09630606860158314,1.238561500556806
Ursula - Deceiver of All,92,45,0.4891304347826087,0.08543650338419184,1.2116363043950937
Prince John - Greediest of All,119,58,0.48739495798319327,0.0837010265847764,1.2073373234953246
Doc - Bold Knight,64,31,0.484375,0.08068106860158314,1.1998565310743448
Cinderella - Ballroom Sensation,112,54,0.48214285714285715,0.07844892574444029,1.1943272497197075
Sapphire Coil,61,29,0.47540983606557374,0.07171590466715688,1.177648761699162
Strength of a Raging Fire,180,85,0.4722222222222222,0.06852829082380535,1.1697526659213193
Diablo - Watchful Raven,17,8,0.47058823529411764,0.06689430389570078,1.1657050874133494
Kida - Protector of Atlantis,17,8,0.47058823529411764,0.06689430389570078,1.1657050874133494
You Have Forgotten Me,17,8,0.47058823529411764,0.06689430389570078,1.1657050874133494
Mr. Smee - Bumbling Mate,62,29,0.46774193548387094,0.06404800408545408,1.1586544667865633
Ratigan's Marvelous Trap,15,7,0.4666666666666667,0.06297273526824981,1.155990898994222
Maurice's Workshop,84,39,0.4642857142857143,0.06059178288729744,1.150092998882609
Eilonwy - Princess of Llyr,41,19,0.4634146341463415,0.059720702747924626,1.147935230549092
Vision of the Future,67,31,0.4626865671641791,0.05899263576576225,1.1461317226882417
Bobby Zimuruski - Spray Cheese Kid,24,11,0.4583333333333333,0.054639401934916454,1.135348248603576
Let the Storm Rage On,166,76,0.4578313253012048,0.054137393902787934,1.134104715447513
Will o' the Wisp - Forest Spirit,44,20,0.45454545454545453,0.05085152314703767,1.125965225698737
Fishbone Quill,53,24,0.4528301886792453,0.04913625728082843,1.121716309666357
Ursula - Deceiver,198,89,0.4494949494949495,0.04580101809653264,1.1134545284922848
Diablo - Maleficent's Spy,147,66,0.4489795918367347,0.04528566043831783,1.1121779267365244
Christopher Robin - Joining the Fun,49,22,0.4489795918367347,0.04528566043831783,1.1121779267365244
Tamatoa - So Shiny!,38,17,0.4473684210526316,0.04367448965421472,1.1081868665106207
Pete - Games Referee,179,80,0.44692737430167595,0.04323344290325909,1.1070943416443118
The Muses - Proclaimers of Heroes,99,44,0.4444444444444444,0.04075051304602756,1.1009438312858326
Snow Fort,54,24,0.4444444444444444,0.04075051304602756,1.1009438312858326
Dash Parr - Lava Runner,18,8,0.4444444444444444,0.04075051304602756,1.1009438312858326
Battering Ram,9,4,0.4444444444444444,0.04075051304602756,1.1009438312858326
Clarabelle - Light on Her Hooves,9,4,0.4444444444444444,0.04075051304602756,1.1009438312858326
Firefly Swarm,9,4,0.4444444444444444,0.04075051304602756,1.1009438312858326
You're Welcome,9,4,0.4444444444444444,0.04075051304602756,1.1009438312858326
Rapunzel - Gifted with Healing,133,59,0.44360902255639095,0.03991509115797409,1.098874392650179
Nala - Mischievous Cub,25,11,0.44,0.03630606860158314,1.0899344177441548
Pete - Space Pirate,25,11,0.44,0.03630606860158314,1.0899344177441548
Diablo - Stone Servant,98,43,0.4387755102040816,0.03508157880566476,1.086901211972468
Beast - Tragic Hero,71,31,0.43661971830985913,0.03292578691144227,1.0815610609659772
Ariel - Ethereal Voice,42,18,0.42857142857142855,0.024877497173011687,1.0616244972084117
Goofy - Super Goof,7,3,0.42857142857142855,0.024877497173011687,1.0616244972084117
Wasabi - Methodical Engineer,7,3,0.42857142857142855,0.024877497173011687,1.0616244972084117
Keep the Ancient Ways,71,30,0.4225352112676056,0.018841279869188765,1.0466720743902376
We Don't Talk About Bruno,102,43,0.4215686274509804,0.017874696052563532,1.0442777321742556
I'm Still Here,31,13,0.41935483870967744,0.015660907311260575,1.0387939161311996
Madam Mim - Snake,67,28,0.417910447761194,0.014216516362777154,1.035215989245965
Akood et Emuti,91,38,0.4175824175824176,0.013888486184000737,1.0344034197701972
Sisu - Daring Visitor,91,38,0.4175824175824176,0.013888486184000737,1.0344034197701972
Ariel - Spectacular Singer,97,40,0.41237113402061853,0.008677202622201674,1.0214944552118688
Inkrunner,51,21,0.4117647058823529,0.00807077448393606,1.0199922611264367
Hidden Inkcaster,17,7,0.4117647058823529,0.00807077448393606,1.0199922611264367
Merlin - Crab,69,28,0.4057971014492754,0.002103170050858527,1.005209800488634
Angel - Siren Singer,55,22,0.4,-0.0036939313984168387,0.9908496958690541
Fortisphere,15,6,0.4,-0.0036939313984168387,0.9908496958690541
Kida - Crystal Scion,10,4,0.4,-0.0036939313984168387,0.9908496958690541
Painting the Roses Red,10,4,0.4,-0.0036939313984168387,0.9908496958690541
Thomas - Wide-Eyed Recruit,10,4,0.4,-0.0036939313984168387,0.9908496958690541
Bullseye - Loyal Horse,5,2,0.4,-0.0036939313984168387,0.9908496958690541
Little John - Camp Cook,5,2,0.4,-0.0036939313984168387,0.9908496958690541
Mickey Mouse - Expedition Leader,5,2,0.4,-0.0036939313984168387,0.9908496958690541
Ohana Means Family,5,2,0.4,-0.0036939313984168387,0.9908496958690541
Palace Guard - Spectral Sentry,5,2,0.4,-0.0036939313984168387,0.9908496958690541
Pocahontas - Finding the Way,5,2,0.4,-0.0036939313984168387,0.9908496958690541
Prince Phillip - Vanquisher of Foes,5,2,0.4,-0.0036939313984168387,0.9908496958690541
The Huntsman - On the Queen's Orders,5,2,0.4,-0.0036939313984168387,0.9908496958690541
Go Go Tomago - Darting Dynamo,38,15,0.39473684210526316,-0.008957089293153697,0.9778122324644356
Cinderella - Stouthearted,33,13,0.3939393939393939,-0.009754537459022938,0.9758368592213115
Max Goof - Rebellious Teen,61,24,0.39344262295081966,-0.010251308447597196,0.974606298840349
Belle - Apprentice Inventor,183,71,0.3879781420765027,-0.015715789321914142,0.9610701346497614
McDuck Manor - Scrooge's Mansion,62,24,0.3870967741935484,-0.016597157204868485,0.9588868823609571
How Far I'll Go,52,20,0.38461538461538464,-0.019078546783032224,0.9527401874555539
Vitalisphere,26,10,0.38461538461538464,-0.019078546783032224,0.9527401874555539
Pull the Lever!,13,5,0.38461538461538464,-0.019078546783032224,0.9527401874555539
Dale - Ready for His Shot,55,21,0.38181818181818183,-0.021875749580235027,0.9458111859258265
Cheshire Cat - Inexplicable,50,19,0.38,-0.023693931398416856,0.9413073349315038
Scrooge McDuck - Resourceful Miser,176,66,0.375,-0.02869393139841686,0.9289217446971161
Diablo - Spiteful Raven,16,6,0.375,-0.02869393139841686,0.9289217446971161
Clarabelle - Clumsy Guest,8,3,0.375,-0.02869393139841686,0.9289217446971161
Judy Hopps - Snowball Patrol,8,3,0.375,-0.02869393139841686,0.9289217446971161
The Headless Horseman - Cursed Rider,8,3,0.375,-0.02869393139841686,0.9289217446971161
The White Rose - Jewel of the Garden,8,3,0.375,-0.02869393139841686,0.9289217446971161
Ursula - Vanessa,57,21,0.3684210526315789,-0.035272878766837934,0.9126249154413429
Kit Cloudkicker - Tough Guy,30,11,0.36666666666666664,-0.03702726473175022,0.9082790943064701
Tamatoa - Happy as a Clam,134,49,0.3656716417910448,-0.038022289607372084,0.9058143002299751
Maui - Hero to All,126,46,0.36507936507936506,-0.0386145663190518,0.904347160898728
And Then Along Came Zeus,66,24,0.36363636363636365,-0.040057567762053214,0.9007726759825989
Alice - Savvy Sailor,11,4,0.36363636363636365,-0.040057567762053214,0.9007726759825989
Tigger - Bouncing All the Way,11,4,0.36363636363636365,-0.040057567762053214,0.9007726759825989
Pawpsicle,166,60,0.3614457831325301,-0.04224814826588674,0.8953463494834148
Olaf - Snowman of Action,42,15,0.35714285714285715,-0.04655107425555971,0.8846874938600177
The Troubadour - Musical Narrator,28,10,0.35714285714285715,-0.04655107425555971,0.8846874938600177
Sail the Azurite Sea,146,52,0.3561643835616438,-0.047529547836773045,0.8822636992936012
A Pirate's Life,60,21,0.35,-0.05369393139841688,0.8669937935251781
Jebidiah Farnsworth - Cookie,63,22,0.3492063492063492,-0.054487582192067674,0.8650278268213071
Let It Go,23,8,0.34782608695652173,-0.05586784444189513,0.8616087542928357
Develop Your Brain,55,19,0.34545454545454546,-0.0582393859438714,0.8557341660393712
Lenny - Toy Binoculars,38,13,0.34210526315789475,-0.061588668240522115,0.8474375984182504
Tipo - Growing Son,122,41,0.3360655737704918,-0.06762835762792507,0.8324765748391799
Maui - Half-Shark,84,28,0.3333333333333333,-0.07036059806508355,0.8257084927438861
Gramma Tala - Keeper of Ancient Stories,57,19,0.3333333333333333,-0.07036059806508355,0.8257084927438861
Cinderella - Dream Come True,30,10,0.3333333333333333,-0.07036059806508355,0.8257084927438861
Amethyst Chromicon,27,9,0.3333333333333333,-0.07036059806508355,0.8257084927438861
Captain Hook - Forceful Duelist,21,7,0.3333333333333333,-0.07036059806508355,0.8257084927438861
Lady Tremaine - Imperious Queen,21,7,0.3333333333333333,-0.07036059806508355,0.8257084927438861
Sisu - Emboldened Warrior,12,4,0.3333333333333333,-0.07036059806508355,0.8257084927438861
Angel - Experiment 624,9,3,0.3333333333333333,-0.07036059806508355,0.8257084927438861
Prince Naveen - Ukulele Player,9,3,0.3333333333333333,-0.07036059806508355,0.8257084927438861
Signed Contract,9,3,0.3333333333333333,-0.07036059806508355,0.8257084927438861
Fire the Cannons!,6,2,0.3333333333333333,-0.07036059806508355,0.8257084927438861
Royal Guard - Octopus Soldier,6,2,0.3333333333333333,-0.07036059806508355,0.8257084927438861
Diablo - Obedient Raven,104,34,0.3269230769230769,-0.07677085447533993,0.8098295309049278
Merlin - Rabbit,34,11,0.3235294117647059,-0.08016451963371096,0.8014230216960675
Scrooge McDuck - Ghostly Ebenezer,59,19,0.3220338983050847,-0.08166003309333214,0.7977184583158916
Sisu - Empowered Sibling,117,37,0.3162393162393162,-0.08745461515910063,0.7833645945066636
The Headless Horseman - Relentless Spirit,19,6,0.3157894736842105,-0.08790445771420635,0.7822502813951577
Madam Mim - Fox,109,34,0.3119266055045872,-0.09176732589382969,0.7726815009147039
John Smith - Skillful Explorer,13,4,0.3076923076923077,-0.09600162370610915,0.7621926453880524
Chernabog's Followers - Creatures of Evil,76,23,0.3026315789473684,-0.10106235245104844,0.7496566228836116
Hide Away,43,13,0.3023255813953488,-0.10136835000306804,0.7488986308252035
Oswald - The Lucky Rabbit,179,54,0.3016759776536313,-0.10201795374478556,0.7472894856732758
Merlin - Goat,100,30,0.3,-0.10369393139841687,0.7431378911813022
Sven - Leaping Reindeer,20,6,0.3,-0.10369393139841687,0.7431378911813022
Elsa - The Fifth Spirit,122,36,0.29508196721311475,-0.10861196418530211,0.7309553434097735
Hercules - Spectral Demigod,17,5,0.29411764705882354,-0.10957628433959332,0.728566608552611
Merryweather - Feisty Fairy,48,14,0.2916666666666667,-0.11202726473175018,0.7224952407906563
Liquidator - Iced Over,52,15,0.28846153846153844,-0.11523239293687842,0.714555759871177
Demona - Scourge of the Wyvern Clan,59,17,0.288135593220339,-0.11555833817807787,0.713748355031908
Friends on the Other Side,125,36,0.288,-0.11569393139841688,0.713412474618772
Junior Woodchuck Guidebook,28,8,0.2857142857142857,-0.11797964568413116,0.7077504905116234
Hamm - Piggy Bank,7,2,0.2857142857142857,-0.11797964568413116,0.7077504905116234
Hidden Trap,7,2,0.2857142857142857,-0.11797964568413116,0.7077504905116234
Magical Maneuvers,7,2,0.2857142857142857,-0.11797964568413116,0.7077504905116234
Brawl,74,21,0.28378378378378377,-0.11991014761463309,0.7029684093400452
Genie - Wish Fulfilled,47,13,0.2765957446808511,-0.1270981867175658,0.6851627879565093
Morph - Space Goo,11,3,0.2727272727272727,-0.13096665867114415,0.6755801262664608
Aurora - Holding Court,15,4,0.26666666666666666,-0.1370272647317502,0.6605672896187184
The Horseman Strikes!,15,4,0.26666666666666666,-0.1370272647317502,0.6605672896187184
Ariel - Sonic Warrior,27,7,0.25925925925925924,-0.14443467213915762,0.6422182670492552
Dumbo - Ninth Wonder of the Universe,43,11,0.2558139534883721,-0.14787997791004476,0.6336838379471794
Peter Pan - Shadow Finder,28,7,0.25,-0.15369393139841686,0.6192819888374264
Great Stone Dragon,8,2,0.25,-0.15369393139841686,0.6192819888374264
Maleficent - Biding Her Time,8,2,0.25,-0.15369393139841686,0.6192819888374264
World's Greatest Criminal Mind,8,2,0.25,-0.15369393139841686,0.6192819888374264
The Library - A Gift for Belle,61,15,0.2459016393442623,-0.15779229205415457,0.6091298656944858
Hades - Infernal Schemer,43,10,0.23255813953488372,-0.17113579186353314,0.5760764415081674
Strike a Good Match,13,3,0.23076923076923078,-0.17292470062918608,0.5716451033205511
Belle - Accomplished Mystic,22,5,0.22727272727272727,-0.1764212041256896,0.5629838514083919
Monstro - Infamous Whale,9,2,0.2222222222222222,-0.18147170917619465,0.5504731542019398
Scuttle - Birdbrained,41,9,0.21951219512195122,-0.18418173627646564,0.5437600971643314
A Whole New World,23,5,0.21739130434782608,-0.18630262705059078,0.5385064003522899
Magic Broom - Illuminary Keeper,42,9,0.21428571428571427,-0.1894082171127026,0.5308134871632293
Robin Hood - Champion of Sherwood,14,3,0.21428571428571427,-0.1894082171127026,0.5308134871632293
Be Prepared,85,17,0.2,-0.20369393139841685,0.4954260864935505
Giant Cobra - Ghostly Serpent,20,4,0.2,-0.20369393139841685,0.4954260864935505
The Leviathan - Guardian of Atlantis,10,2,0.2,-0.20369393139841685,0.4954260864935505
Stitch - Carefree Snowboarder,5,1,0.2,-0.20369393139841685,0.4954260864935505
They Never Come Back,5,1,0.2,-0.20369393139841685,0.4954260864935505
Kida - Creative Thinker,12,2,0.16666666666666666,-0.2370272647317502,0.4128554849309666
Merlin's Carpetbag,12,2,0.16666666666666666,-0.2370272647317502,0.4128554849309666
Benja - Guardian of the Dragon Gem,6,1,0.16666666666666666,-0.2370272647317502,0.4128554849309666
Calhoun - Marine Sergeant,6,1,0.16666666666666666,-0.2370272647317502,0.4128554849309666
Gantu - Hamsterviel's Accomplice,6,1,0.16666666666666666,-0.2370272647317502,0.4128554849309666
Hades - Looking for a Deal,13,2,0.15384615384615385,-0.249847777552263,0.3810975612530497
Maleficent - Monstrous Dragon,7,1,0.14285714285714285,-0.260836788541274,0.35387648381483516
Nani's Payback,7,1,0.14285714285714285,-0.260836788541274,0.35387648381483516
Tinker Bell - Giant Fairy,7,1,0.14285714285714285,-0.260836788541274,0.35387648381483516
Robin Hood - Beloved Outlaw,15,2,0.13333333333333333,-0.2703605980650835,0.33028488336838263
The Queen's Castle - Mirror Chamber,11,1,0.09090909090909091,-0.312784840489326,0.2251950268341849
Iago - Giant Spectral Parrot,15,1,0.06666666666666667,-0.3370272647317502,0.16514368024321477
Finders Keepers,6,0,0.0,-0.40369393139841686,2.477118046877518e-06
Grab Your Sword,6,0,0.0,-0.40369393139841686,2.477118046877518e-06
"I Find 'Em, I Flatten 'Em",5,0,0.0,-0.40369393139841686,2.477118046877518e-06
Rat Capone - Rodent Gangster,5,0,0.0,-0.40369393139841686,2.477118046877518e-06
